"bague","espece","lieu","an","sex","age_2025","quantite_sang"
"5994219","cha","gram","2017","M",14,"4"
"6680164","cha","font","2018","F",13,"50"
"6988362","cha","gram","2017","M",12,"15"
"7207031","cha","font","2017","F",14,"30"
"7207182","cha","zoo","2017","M",12,"30"
"7207211","cha","zoo","2017","F",12,"12"
"7207249","cha","zoo","2017","F",14,"22"
"7207285","cha","zoo","2017","F",12,"20"
"7207295","cha","zoo","2017","F",14,"8"
"7207296","cha","font","2017","M",14,"12"
"7207323","cha","zoo","2017","M",10,"40"
"7207327","cha","zoo","2017","F",10,"10"
"7207328","cha","mas","2017","M",10,"25"
"7207329","cha","zoo","2018","F",8,"18"
"7207335","cha","gram","2017","F",10,"8"
"7207336","cha","mas","2019","M",10,"8"
"7207354","cha","gram","2018","F",8,"10"
"7207361","cha","zoo","2020","F",7,"3"
"7207364","cha","gram","2017","F",9,"15"
"7207365","cha","gram","2017","M",9,"5"
"7207366","cha","zoo","2017","M",10,"25"
"7207400","cha","gram","2019","M",9,"7"
"7207478","cha","fac","2019","F",10,"3"
"7209317","cha","font","2018","F",12,"15"
"7209320","cha","gram","2017","M",12,"6"
"7209323","cha","mas","2017","M",12,"18"
"7209347","cha","zoo","2017","M",12,"20"
"7209393","cha","mas","2017","M",13,"8"
"7209403","cha","zoo","2017","F",11,"18"
"7209435","cha","gram","2017","F",11,"8"
"7209480","cha","gram","2019","M",11,"15"
"7209897","cha","font","2018","F",8,"16"
"7209898","cha","mas","2018","F",8,"4"
"7209899","cha","mas","2018","M",8,"18"
"7209900","cha","mas","2018","M",9,"20"
"7438035","cha","cef","2021","M",10,"70"
"7531110","cha","zoo","2017","F",10,"40"
"7531156","cha","mos","2017","M",12,"5"
"7531719","cha","zoo","2017","M",11,"10"
"7532265","cha","zoo","2018","M",12,"8"
"7532266","cha","zoo","2017","F",12,"25"
"7532276","cha","mos","2017","F",12,"8"
"7715057","cha","font","2017","M",11,"7"
"7715065","cha","zoo","2017","M",11,"6"
"7715069","cha","mos","2017","F",10,"6"
"7715105","cha","zoo","2017","M",10,"30"
"7715114","cha","zoo","2018","F",10,"40"
"7715116","cha","zoo","2017","F",10,"45"
"7715174","cha","gram","2017","F",10,"18"
"7715185","cha","zoo","2019","M",10,"10"
"7715815","cha","font","2018","F",11,"10"
"7715818","cha","mas","2017","F",10,"28"
"7715876","cha","zoo","2017","F",10,"8"
"7715878","cha","zoo","2019","M",10,"6"
"7715879","cha","zoo","2017","M",10,"6"
"7717160","cha","gram","2017","M",11,"18"
"7717184","cha","gram","2017","M",10,"12"
"7717200","cha","zoo","2017","M",10,"10"
"7717804","cha","gram","2017","F",11,"20"
"7717849","cha","zoo","2017","M",10,"30"
"7974479","cha","bot","2019","F",7,"20"
"7974636","cha","mas","2021","F",9,"30"
"7974638","cha","mas","2017","M",9,"45"
"7974649","cha","zoo","2018","M",8,"5"
"7974697","cha","font","2024","F",7,"5"
"7974724","cha","gram","2017","M",9,"35"
"7974727","cha","gram","2018","M",9,"30"
"7974729","cha","gram","2017","M",11,"2"
"7974741","cha","gram","2017","M",11,"15"
"7974755","cha","zoo","2017","F",9,"15"
"7974760","cha","zoo","2017","F",9,"25"
"7974902","cha","mas","2017","F",10,"30"
"7974926","cha","gram","2017","M",11,"15"
"7974928","cha","gram","2017","M",11,"12"
"7974942","cha","zoo","2017","M",9,"30"
"7974950","cha","font","2017","F",10,"10"
"7974951","cha","font","2017","M",10,"20"
"7974952","cha","font","2017","F",11,"18"
"7974953","cha","font","2017","M",11,"15"
"7974956","cha","zoo","2017","M",10,"25"
"7974957","cha","zoo","2018","F",10,"10"
"7974958","cha","zoo","2017","M",9,"20"
"7974974","cha","fac","2017","F",11,"25"
"7974975","cha","fac","2019","F",11,"5"
"7974978","cha","zoo","2017","M",9,"12"
"7974985","cha","fac","2019","F",8,"20"
"7975000","cha","gram","2017","F",11,"8"
"7975046","cha","bot","2017","M",10,"6"
"7975047","cha","fac","2017","M",10,"4"
"7975048","cha","fac","2017","F",10,"8"
"7975049","cha","mas","2017","M",9,"25"
"7975056","cha","font","2019","F",9,"20"
"7975065","cha","mos","2017","M",10,"10"
"7975066","cha","mas","2017","M",10,"12"
"7975067","cha","mas","2017","F",9,"6"
"7975068","cha","mas","2017","F",9,"6"
"7975069","cha","mas","2017","M",10,"10"
"7975070","cha","mas","2017","F",10,"10"
"7975071","cha","zoo","2017","M",9,"15"
"7975072","cha","zoo","2017","F",10,"20"
"7975073","cha","zoo","2017","M",9,"6"
"7975079","cha","mas","2017","F",9,"12"
"7975088","cha","mos","2017","F",9,"35"
"7975315","cha","mos","2017","M",11,"15"
"7975329","cha","font","2018","M",9,"8"
"7975537","cha","gram","2017","M",11,"15"
"7975836","cha","zoo","2017","F",9,"30"
"7975838","cha","zoo","2018","F",8,"15"
"7975853","cha","mos","2017","F",9,"20"
"7975854","cha","gram","2018","F",9,"20"
"7975860","cha","gram","2017","F",9,"35"
"7975869","cha","mos","2017","M",9,"35"
"7975870","cha","mos","2017","F",9,"35"
"7975903","cha","font","2017","M",9,"20"
"7975916","cha","zoo","2019","M",9,"25"
"7975919","cha","zoo","2020","M",8,"8"
"7975925","cha","mos","2017","M",9,"20"
"7975926","cha","mos","2017","M",9,"15"
"7975927","cha","mos","2017","F",9,"40"
"7975928","cha","gram","2022","F",10,"70"
"7975929","cha","gram","2017","F",10,"20"
"7975930","cha","gram","2017","F",10,"12"
"7975931","cha","gram","2019","M",9,"8"
"7975936","cha","gram","2018","F",10,"15"
"7975948","cha","zoo","2017","F",9,"15"
"7975951","cha","font","2020","M",10,"8"
"7975952","cha","font","2017","F",9,"8"
"7975953","cha","font","2017","M",9,"0"
"7975954","cha","font","2017","M",10,"35"
"7975955","cha","mas","2019","F",10,"6"
"7975962","cha","mas","2017","M",10,"18"
"7975963","cha","mas","2017","F",10,"30"
"7975972","cha","zoo","2017","F",9,"30"
"7975973","cha","zoo","2017","M",10,"25"
"7975974","cha","font","2018","F",9,"30"
"7975975","cha","font","2018","F",9,"15"
"7975991","cha","fac","2017","M",10,"18"
"7975992","cha","fac","2017","M",10,"30"
"7975993","cha","fac","2017","F",9,"4"
"8089059","cha","mas","2019","M",9,"4"
"8184004","cha","zoo","2020","F",8,"3"
"8184024","cha","gram","2019","F",7,"12"
"8184039","cha","mos","2019","M",7,"10"
"8184061","cha","gram","2020","M",6,"7"
"8184106","cha","gram","2018","F",8,"10"
"8184137","cha","gram","2019","M",7,"12"
"8184141","cha","gram","2019","M",7,"15"
"8184152","cha","mas","2018","F",8,"20"
"8184156","cha","fac","2018","M",9,"10"
"8184162","cha","gram","2018","M",9,"3"
"8184170","cha","cef","2020","M",6,"8"
"8184180","cha","zoo","2019","F",7,"2"
"8184181","cha","zoo","2019","F",7,"15"
"8184182","cha","zoo","2019","M",7,"20"
"8184183","cha","zoo","2020","M",7,"25"
"8184184","cha","zoo","2019","F",7,"1"
"8184449","cha","zoo","2018","F",8,"15"
"8185001","cha","mas","2018","M",9,"8"
"8185002","cha","mas","2018","F",9,"20"
"8185003","cha","font","2018","M",8,"40"
"8185004","cha","font","2018","M",8,"20"
"8185005","cha","font","2019","F",8,"25"
"8185006","cha","mos","2018","F",8,"10"
"8185007","cha","mos","2018","M",9,"5"
"8185008","cha","mos","2018","M",9,"15"
"8185009","cha","mos","2018","F",8,"12"
"8185027","cha","fac","2019","M",9,"8"
"8185028","cha","fac","2018","F",8,"40"
"8185029","cha","fac","2019","F",9,"5"
"8185030","cha","zoo","2018","F",8,"15"
"8185040","cha","zoo","2023","F",7,"5"
"8185043","cha","zoo","2019","F",7,"8"
"8185045","cha","zoo","2020","M",7,"8"
"8185052","cha","cef","2020","M",6,"8"
"8185054","cha","font","2022","F",7,"75"
"8185055","cha","font","2019","M",7,"10"
"8185056","cha","font","2022","M",8,"35"
"8185062","cha","font","2019","F",7,"20"
"8185063","cha","font","2019","M",8,"10"
"8185064","cha","font","2019","F",7,"15"
"8185065","cha","font","2019","F",7,"10"
"8185076","cha","fac","2019","M",7,"5"
"8185077","cha","fac","2021","F",7,"6"
"8185078","cha","fac","2019","M",8,"20"
"8185079","cha","fac","2020","M",7,"5"
"8185089","cha","bot","2019","M",8,"30"
"8185090","cha","bot","2019","F",7,"8"
"8185427","cha","gram","2018","F",9,"2"
"8185428","cha","gram","2018","M",9,"30"
"8185429","cha","gram","2018","M",9,"8"
"8185431","cha","zoo","2018","F",8,"8"
"8185432","cha","gram","2018","M",8,"12"
"8185433","cha","gram","2018","F",8,"0"
"8185444","cha","gram","2019","M",7,"6"
"8185447","cha","gram","2019","M",7,"5"
"8185450","cha","gram","2019","M",7,"8"
"8185456","cha","gram","2018","F",8,"10"
"8185469","cha","gram","2018","F",8,"25"
"8185475","cha","mas","2018","M",9,"4"
"8185480","cha","mos","2018","M",9,"8"
"8185496","cha","mos","2019","F",8,"6"
"8185497","cha","mos","2019","M",9,"8"
"8185556","cha","mos","2019","F",7,"8"
"8185559","cha","mos","2019","M",7,"25"
"8185569","cha","zoo","2019","M",7,"25"
"8185572","cha","gram","2019","M",7,"10"
"8185576","cha","gram","2019","F",7,"25"
"8185589","cha","gram","2019","M",7,"5"
"8185592","cha","gram","2019","F",7,"25"
"8185647","cha","zoo","2023","F",5,"15"
"8185651","cha","cef","2020","F",6,"10"
"8185656","cha","cef","2022","F",6,"8"
"8185657","cha","cef","2020","F",6,"15"
"8185668","cha","zoo","2020","M",7,"10"
"8185669","cha","zoo","2020","M",6,"10"
"8185670","cha","zoo","2020","M",6,"10"
"8185672","cha","zoo","2022","M",5,"8"
"8185676","cha","mos","2020","F",6,"25"
"8185679","cha","font","2021","F",5,"10"
"8185682","cha","font","2020","F",7,"6"
"8185683","cha","font","2020","F",7,"20"
"8185684","cha","zoo","2021","F",6,"10"
"8185692","cha","zoo","2021","M",5,"15"
"8185694","cha","zoo","2020","F",6,"8"
"8189032","cha","font","2017","F",10,"40"
"8189041","cha","fac","2019","F",9,"8"
"8189042","cha","fac","2018","M",9,"12"
"8189054","cha","bot","2018","M",9,"30"
"8189055","cha","bot","2018","F",8,"5"
"8189056","cha","zoo","2018","F",8,"20"
"8189057","cha","zoo","2018","F",8,"20"
"8189058","cha","zoo","2018","M",8,"20"
"8189059","cha","mas","2018","M",9,"10"
"8189060","cha","mas","2018","M",9,"15"
"8189061","cha","mas","2018","F",9,"25"
"8189062","cha","mas","2018","M",9,"10"
"8189063","cha","mas","2018","M",8,"12"
"8189064","cha","font","2019","M",9,"8"
"8189065","cha","mos","2018","F",9,"15"
"8189066","cha","mos","2020","M",9,"5"
"8189067","cha","mos","2018","F",8,"10"
"8189068","cha","mos","2020","F",9,"4"
"8189069","cha","mos","2018","M",8,"15"
"8189070","cha","gram","2018","F",9,"12"
"8189071","cha","mas","2018","M",8,"7"
"8189108","cha","zoo","2017","F",10,"18"
"8189135","cha","mos","2017","M",9,"2"
"8189136","cha","mos","2017","F",9,"15"
"8189137","cha","gram","2017","F",9,"18"
"8189162","cha","zoo","2019","M",8,"8"
"8189183","cha","zoo","2017","F",9,"10"
"8189926","cha","cef","2018","F",9,"25"
"8189927","cha","cef","2018","M",9,"15"
"8189928","cha","fac","2018","F",9,"12"
"8189944","cha","zoo","2019","F",7,"8"
"8189948","cha","zoo","2019","F",8,"5"
"8189949","cha","gram","2018","F",8,"25"
"8189976","cha","zoo","2018","F",8,"2"
"8189982","cha","bot","2018","F",9,"8"
"8189984","cha","fac","2018","F",9,"20"
"8189985","cha","fac","2018","M",9,"20"
"8189986","cha","fac","2018","M",8,"10"
"8189990","cha","mos","2019","F",7,"15"
"8189991","cha","bot","2019","F",8,"10"
"8189992","cha","bot","2019","M",8,"8"
"8189999","cha","mos","2019","F",8,"8"
"8190000","cha","mos","2019","M",8,"12"
"8378025","cha","zoo","2018","M",9,"10"
"8378031","cha","mos","2018","M",8,"6"
"8378040","cha","cef","2019","F",7,"15"
"8378042","cha","bot","2019","F",8,"8"
"8378043","cha","bot","2019","M",8,"8"
"8378044","cha","font","2019","M",7,"8"
"8378045","cha","mas","2020","F",7,"40"
"8378046","cha","mas","2019","M",7,"6"
"8378047","cha","mas","2019","F",7,"20"
"8378058","cha","fac","2019","M",8,"25"
"8378059","cha","fac","2019","F",7,"5"
"8378060","cha","mos","2019","M",8,"6"
"8378069","cha","mas","2019","F",7,"40"
"8378070","cha","mas","2019","M",7,"18"
"8378075","cha","zoo","2021","F",6,"55"
"8378082","cha","font","2022","M",7,"80"
"8378083","cha","font","2019","M",7,"20"
"8378086","cha","font","2019","M",7,"12"
"8378087","cha","font","2019","F",7,"10"
"8378088","cha","mos","2021","M",8,"6"
"8378089","cha","mos","2019","F",8,"8"
"8378090","cha","mos","2019","F",7,"10"
"8378091","cha","gram","2019","F",7,"10"
"8378092","cha","gram","2019","M",8,"8"
"8378093","cha","gram","2019","F",7,"6"
"8378094","cha","zoo","2019","F",7,"2"
"8378095","cha","mas","2019","M",8,"12"
"8378096","cha","mas","2019","F",7,"12"
"8378097","cha","mas","2019","F",7,"3"
"8378098","cha","gram","2019","F",7,"30"
"8378099","cha","font","2019","F",7,"20"
"8378100","cha","font","2019","M",8,"6"
"8378506","cha","zoo","2019","M",7,"5"
"8378507","cha","font","2019","F",8,"10"
"8378537","cha","font","2019","F",7,"15"
"8378538","cha","font","2019","M",8,"20"
"8378539","cha","font","2020","M",8,"15"
"8378540","cha","font","2019","F",8,"15"
"8378541","cha","mas","2019","F",7,"15"
"8378542","cha","gram","2019","M",8,"40"
"8378543","cha","cef","2019","F",7,"3"
"8378544","cha","gram","2019","F",7,"8"
"8378545","cha","gram","2019","F",8,"30"
"8378546","cha","gram","2019","F",7,"45"
"8378547","cha","gram","2019","M",8,"1"
"8378548","cha","gram","2019","F",7,"6"
"8378555","cha","mos","2019","F",8,"20"
"8378556","cha","gram","2019","F",8,"22"
"8378561","cha","zoo","2019","F",7,"25"
"8378563","cha","zoo","2019","M",8,"6"
"8378564","cha","zoo","2019","F",7,"10"
"8378565","cha","zoo","2020","M",8,"8"
"8378599","cha","zoo","2019","F",7,"8"
"8378600","cha","zoo","2019","M",8,"2"
"8379064","cha","gram","2022","M",4,"50"
"8379425","cha","gram","2020","F",6,"15"
"8379482","cha","gram","2022","M",5,"80"
"8380109","cha","zoo","2020","M",6,"8"
"8380123","cha","zoo","2019","F",7,"20"
"8380124","cha","zoo","2019","M",8,"12"
"8380125","cha","zoo","2019","F",8,"60"
"8380126","cha","zoo","2019","F",7,"22"
"8380127","cha","gram","2021","F",8,"8"
"8380128","cha","gram","2019","M",7,"15"
"8380138","cha","zoo","2020","M",6,"5"
"8380140","cha","zoo","2020","F",6,"15"
"8380145","cha","zoo","2020","M",6,"15"
"8380149","cha","zoo","2020","F",6,"10"
"8380167","cha","fac","2019","M",8,"4"
"8380169","cha","zoo","2022","F",6,"0"
"8380170","cha","zoo","2020","M",6,"10"
"8380172","cha","zoo","2020","F",6,"8"
"8380173","cha","zoo","2020","F",7,"8"
"8380175","cha","zoo","2021","F",8,"18"
"8380179","cha","zoo","2020","M",6,"10"
"8380182","cha","gram","2019","F",7,"6"
"8380183","cha","gram","2019","M",7,"30"
"8380184","cha","zoo","2019","F",7,"25"
"8380185","cha","font","2019","M",7,"15"
"8380190","cha","mas","2019","F",7,"30"
"8380197","cha","font","2019","M",8,"15"
"8380198","cha","font","2019","F",7,"6"
"8380205","cha","fac","2019","M",7,"12"
"8380206","cha","mos","2019","F",7,"2"
"8380216","cha","zoo","2019","M",7,"0"
"8380217","cha","zoo","2021","F",7,"8"
"8380218","cha","gram","2019","M",8,"20"
"8380219","cha","gram","2019","F",8,"20"
"8380273","cha","mos","2019","F",7,"30"
"8380419","cha","zoo","2020","M",6,"25"
"8380423","cha","zoo","2020","F",6,"6"
"8380437","cha","fac","2019","F",8,"12"
"8380438","cha","fac","2024","M",7,"3"
"8380439","cha","font","2019","F",8,"13"
"8380443","cha","gram","2021","F",6,"6"
"8380444","cha","gram","2019","M",8,"8"
"8380449","cha","font","2021","M",8,"80"
"8380454","cha","fac","2019","M",8,"10"
"8380460","cha","gram","2019","F",7,"5"
"8380477","cha","mos","2021","M",6,"25"
"8380483","cha","font","2019","M",7,"14"
"8380484","cha","font","2019","F",7,"40"
"8380488","cha","font","2021","M",6,"75"
"8380490","cha","gram","2019","M",7,"25"
"8380499","cha","mas","2020","M",7,"8"
"8380500","cha","mas","2020","F",6,"4"
"8380511","cha","gram","2022","F",7,"70"
"8380512","cha","gram","2021","M",7,"70"
"8380513","cha","gram","2020","M",6,"20"
"8380519","cha","zoo","2020","M",7,"20"
"8380520","cha","zoo","2020","F",6,"12"
"8380521","cha","fac","2020","F",7,"15"
"8380522","cha","fac","2020","M",6,"15"
"8380547","cha","mas","2021","F",5,"5"
"8380549","cha","gram","2021","M",5,"15"
"8380564","cha","gram","2020","M",6,"10"
"8380566","cha","gram","2020","M",6,"8"
"8380574","cha","font","2021","M",7,"60"
"8380575","cha","gram","2021","M",5,"0"
"8380576","cha","gram","2021","F",5,"3"
"8380581","cha","gram","2020","M",7,"10"
"8380588","cha","fac","2020","M",7,"8"
"8380589","cha","fac","2021","F",5,"70"
"8380596","cha","mos","2020","M",6,"12"
"8380597","cha","mas","2023","F",3,"10"
"8380598","cha","zoo","2023","F",3,"40"
"8380599","cha","font","2023","F",3,"90"
"8380802","cha","zoo","2021","M",5,"10"
"8380818","cha","mos","2020","F",6,"5"
"8380819","cha","mas","2020","F",6,"2"
"8380820","cha","mas","2020","M",7,"8"
"8380821","cha","mas","2020","F",6,"25"
"8380822","cha","mas","2020","M",6,"10"
"8380823","cha","fac","2022","M",7,"8"
"8380824","cha","fac","2021","F",7,"70"
"8380825","cha","fac","2020","F",6,"25"
"8380841","cha","gram","2020","M",7,"3"
"8380850","cha","gram","2021","M",7,"8"
"8380859","cha","zoo","2020","F",6,"12"
"8380860","cha","zoo","2020","M",6,"3"
"8380862","cha","zoo","2020","M",6,"8"
"8380863","cha","zoo","2020","F",7,"20"
"8380868","cha","mas","2020","M",7,"12"
"8380877","cha","gram","2020","F",6,"0"
"8380910","cha","zoo","2021","F",5,"0"
"8477835","cha","zoo","2020","M",8,"3"
"8478015","cha","cef","2018","F",8,"10"
"8761207","cha","cef","2020","M",7,"6"
"8802542","cha","mos","2023","M",5,"75"
"8802575","cha","gram","2021","F",6,"10"
"8802576","cha","bot","2021","M",5,"2"
"8802577","cha","bot","2021","F",5,"4"
"8802578","cha","mos","2021","F",5,"75"
"8802579","cha","mas","2021","M",6,"5"
"8802580","cha","fac","2021","F",6,"4"
"8802581","cha","bot","2021","F",6,"5"
"8802582","cha","zoo","2021","M",6,"20"
"8802609","cha","zoo","2020","M",6,"8"
"8802809","cha","zoo","2021","F",5,"10"
"8802817","cha","zoo","2021","M",5,"5"
"8802890","cha","mos","2021","M",6,"60"
"8802891","cha","font","2021","F",5,"115"
"8802892","cha","zoo","2021","F",5,"90"
"8802893","cha","zoo","2021","M",5,"100"
"8802900","cha","zoo","2021","F",5,"3"
"8803041","cha","cef","2024","F",2,"155"
"8803081","cha","fac","2024","M",3,"180"
"8803084","cha","zoo","2024","M",2,"175"
"8803249","cha","zoo","2023","F",5,"50"
"8803259","cha","zoo","2021","M",6,"15"
"8803261","cha","zoo","2022","F",5,"8"
"8803272","cha","zoo","2021","F",5,"30"
"8803284","cha","zoo","2021","M",5,"12"
"8803287","cha","zoo","2021","F",5,"25"
"8803291","cha","zoo","2021","M",5,"10"
"8803756","cha","font","2021","M",5,"8"
"8803770","cha","gram","2021","M",5,"12"
"8803778","cha","mos","2020","M",7,"2"
"8803783","cha","mos","2020","M",6,"18"
"8803784","cha","mos","2020","F",6,"25"
"8803799","cha","zoo","2021","F",5,"15"
"8803800","cha","zoo","2021","F",5,"10"
"8803801","cha","fac","2020","F",6,"10"
"8803833","cha","zoo","2021","F",5,"10"
"8803846","cha","zoo","2021","M",6,"5"
"8803847","cha","mas","2023","F",4,"5"
"8803848","cha","mas","2022","F",5,"6"
"8803849","cha","mas","2022","M",5,"4"
"8803853","cha","mas","2024","M",3,"8"
"8803867","cha","font","2022","F",4,"70"
"8803868","cha","font","2022","M",5,"75"
"8803869","cha","font","2022","F",5,"7"
"8803870","cha","mas","2022","M",5,"30"
"8803871","cha","font","2022","M",4,"8"
"8803872","cha","bot","2022","M",5,"25"
"8803873","cha","bot","2022","F",4,"30"
"8803874","cha","mas","2022","F",4,"5"
"8803875","cha","mas","2022","F",5,"5"
"8803876","cha","mas","2022","M",4,"8"
"8803877","cha","mas","2022","M",5,"18"
"8803878","cha","font","2022","M",5,"15"
"8803879","cha","font","2022","M",4,"15"
"8803880","cha","font","2022","F",5,"5"
"8803881","cha","font","2022","M",5,"15"
"8803882","cha","mas","2022","F",5,"10"
"8803883","cha","mas","2022","M",5,"5"
"8803885","cha","font","2022","F",5,"25"
"8803886","cha","font","2022","M",5,"4"
"8803887","cha","mas","2022","F",4,"3"
"8803888","cha","font","2022","M",4,"5"
"8803889","cha","font","2022","F",4,"3"
"8803890","cha","mas","2022","F",4,"10"
"8803891","cha","mas","2022","M",5,"10"
"8804331","cha","gram","2021","M",6,"2"
"8804332","cha","gram","2024","F",6,"2"
"8804336","cha","font","2021","F",5,"15"
"8804337","cha","font","2021","M",6,"2"
"8804340","cha","gram","2021","F",5,"10"
"8860443","cha","font","2022","F",5,"10"
"8860464","cha","font","2023","M",4,"7"
"8860465","cha","font","2023","M",3,"100"
"8860466","cha","mas","2023","M",3,"15"
"8860467","cha","bot","2023","F",4,"5"
"8860468","cha","bot","2024","M",4,"185"
"8860469","cha","mos","2023","F",4,"100"
"8860470","cha","font","2023","M",3,"10"
"8860472","cha","font","2023","F",3,"18"
"8860473","cha","mas","2023","F",3,"15"
"8860474","cha","mas","2023","F",3,"30"
"8860475","cha","mas","2023","M",4,"10"
"8860476","cha","zoo","2023","M",3,"10"
"8860477","cha","zoo","2024","F",3,"18"
"8860479","cha","zoo","2023","F",3,"5"
"8860481","cha","font","2023","F",4,"20"
"8860482","cha","font","2023","M",3,"75"
"8860483","cha","mas","2023","F",3,"50"
"8860484","cha","mas","2023","M",4,"80"
"8860485","cha","font","2023","M",4,"80"
"8860489","cha","gram","2023","F",4,"60"
"8860490","cha","gram","2024","F",4,"5"
"8861506","cha","mos","2021","F",5,"25"
"8861507","cha","mos","2021","M",6,"10"
"8861515","cha","zoo","2023","F",4,"30"
"8861517","cha","zoo","2022","M",4,"15"
"8861519","cha","zoo","2021","F",5,"90"
"8861520","cha","zoo","2021","M",6,"30"
"8861521","cha","zoo","2021","M",5,"50"
"8861522","cha","gram","2021","F",5,"60"
"8861523","cha","mas","2021","M",6,"75"
"8861524","cha","mas","2021","F",5,"60"
"8861525","cha","mas","2021","M",6,"30"
"8861526","cha","mas","2021","M",6,"15"
"8861527","cha","mas","2021","F",6,"30"
"8861528","cha","fac","2021","F",5,"40"
"8861535","cha","fac","2021","M",5,"20"
"8861536","cha","fac","2021","F",5,"70"
"8861537","cha","zoo","2021","M",5,"5"
"8861546","cha","zoo","2021","M",5,"15"
"8861547","cha","zoo","2021","F",5,"10"
"8862013","cha","zoo","2021","F",5,"15"
"8862014","cha","font","2021","F",5,"55"
"8862015","cha","mos","2021","F",5,"50"
"8862016","cha","bot","2021","F",6,"6"
"8862017","cha","bot","2022","M",6,"20"
"8862018","cha","mas","2021","M",6,"10"
"8862019","cha","mas","2021","M",5,"12"
"8862020","cha","mas","2021","F",6,"12"
"8862023","cha","font","2021","M",6,"65"
"8862024","cha","font","2021","F",5,"87"
"8862025","cha","font","2021","M",5,"75"
"8862026","cha","font","2021","F",5,"55"
"8862027","cha","font","2021","F",5,"75"
"8862028","cha","mas","2021","M",6,"75"
"8862029","cha","mas","2021","F",5,"90"
"8862030","cha","mas","2021","F",5,"8"
"8862031","cha","mas","2021","M",6,"15"
"8862032","cha","mas","2021","F",5,"10"
"8862038","cha","fac","2021","M",5,"6"
"8862039","cha","fac","2024","M",5,"190"
"8862040","cha","fac","2022","F",6,"25"
"8862042","cha","mos","2021","F",5,"8"
"8862043","cha","mos","2021","F",6,"6"
"8862044","cha","gram","2021","M",6,"0"
"8862052","cha","gram","2022","M",4,"45"
"8862057","cha","gram","2021","F",5,"20"
"8862058","cha","gram","2021","F",6,"18"
"8862067","cha","zoo","2022","F",4,"7"
"8862070","cha","zoo","2021","M",5,"5"
"8862071","cha","zoo","2023","M",6,"7"
"8862072","cha","zoo","2021","F",6,"25"
"8862075","cha","zoo","2023","F",4,"15"
"8862077","cha","gram","2021","F",6,"15"
"8862081","cha","zoo","2021","M",6,"5"
"8862082","cha","gram","2021","M",5,"5"
"8862083","cha","gram","2021","M",5,"12"
"8862084","cha","gram","2021","F",5,"10"
"8862085","cha","gram","2021","M",6,"10"
"8862086","cha","zoo","2021","M",6,"8"
"8862087","cha","zoo","2021","F",5,"10"
"8862088","cha","mas","2022","M",6,"80"
"8862089","cha","gram","2021","F",5,"10"
"8862090","cha","gram","2021","M",6,"6"
"8862093","cha","gram","2021","F",5,"30"
"8862094","cha","mas","2022","M",6,"50"
"8862095","cha","mas","2023","F",5,"10"
"8862096","cha","mas","2021","M",6,"12"
"8862097","cha","mos","2021","M",6,"15"
"8862098","cha","mos","2021","F",5,"20"
"8862099","cha","font","2022","F",5,"12"
"8862198","cha","cef","2023","M",4,"75"
"8862418","cha","zoo","2022","F",4,"40"
"8862420","cha","zoo","2024","M",4,"10"
"8862426","cha","zoo","2022","F",4,"40"
"8862457","cha","zoo","2022","F",4,"10"
"8862459","cha","font","2022","F",4,"25"
"8862460","cha","mas","2022","M",5,"80"
"8862461","cha","mas","2022","F",4,"80"
"8862462","cha","mas","2022","M",5,"7"
"8862463","cha","mas","2022","M",4,"5"
"8862464","cha","mas","2022","F",4,"25"
"8862465","cha","gram","2022","F",5,"75"
"8862466","cha","gram","2022","M",4,"40"
"8862467","cha","gram","2022","F",4,"25"
"8862468","cha","fac","2022","M",5,"20"
"8862469","cha","fac","2022","F",4,"80"
"8862471","cha","zoo","2022","M",5,"30"
"8862472","cha","zoo","2022","M",5,"100"
"8862474","cha","gram","2022","M",5,"40"
"8862475","cha","gram","2022","F",4,"50"
"8862476","cha","gram","2023","M",5,"80"
"8862477","cha","mas","2022","F",5,"8"
"8862478","cha","mas","2022","F",4,"5"
"8862479","cha","mas","2022","M",4,"5"
"8862481","cha","mas","2022","M",5,"0"
"8862482","cha","fac","2022","M",5,"20"
"8862483","cha","fac","2022","F",4,"15"
"8862489","cha","zoo","2023","M",4,"0"
"8862490","cha","zoo","2023","M",4,"10"
"8862492","cha","zoo","2023","M",4,"10"
"8862493","cha","zoo","2023","F",3,"13"
"8862494","cha","font","2023","M",4,"5"
"8862495","cha","mos","2024","F",3,"1"
"8862496","cha","mos","2023","M",3,"8"
"8862497","cha","gram","2023","M",4,"15"
"8862566","cha","font","2023","M",4,"80"
"8862568","cha","font","2023","F",4,"10"
"8862597","cha","zoo","2024","M",4,"8"
"8862648","cha","fac","2023","M",3,"2"
"8862660","cha","cef","2024","M",3,"180"
"8862669","cha","cef","2024","F",3,"135"
"8862701","cha","cef","2022","M",4,"5"
"8862702","cha","bot","2022","F",5,"2"
"8862703","cha","fac","2022","F",4,"10"
"8862706","cha","mos","2022","F",4,"20"
"8862707","cha","mos","2022","M",4,"8"
"8862708","cha","mos","2022","M",5,"2"
"8862709","cha","gram","2022","F",4,"80"
"8862710","cha","gram","2022","F",4,"75"
"8862711","cha","mos","2022","M",4,"10"
"8862712","cha","mos","2022","F",4,"10"
"8862715","cha","mos","2022","M",4,"5"
"8862716","cha","mos","2023","M",4,"45"
"8862717","cha","mos","2023","M",3,"30"
"8862718","cha","mos","2023","F",3,"25"
"8862719","cha","mos","2023","F",3,"5"
"8862722","cha","gram","2023","F",3,"0"
"8862723","cha","fac","2024","F",2,"5"
"8862724","cha","gram","2024","F",2,"15"
"8862990","cha","cef","2023","F",4,"100"
"9282322","cha","mas","2024","F",2,"25"
"9282323","cha","mas","2024","M",3,"25"
"9282324","cha","font","2024","F",3,"2"
"9282333","cha","mos","2024","M",2,"5"
"9282335","cha","mas","2024","M",2,"10"
"9282336","cha","mas","2024","F",2,"20"
"9282344","cha","gram","2024","F",2,"10"
"9282346","cha","gram","2024","M",3,"8"
"9282347","cha","gram","2024","F",2,"20"
"9282417","cha","gram","2024","M",2,"15"
"9282418","cha","gram","2024","M",2,"2"
"9282420","cha","gram","2024","M",2,"2"
"9282421","cha","gram","2024","F",3,"3"
"9282440","cha","gram","2024","F",2,"25"
"9282458","cha","mas","2024","M",2,"2"
"9282459","cha","mas","2024","F",2,"3"
"9283362","cha","zoo","2024","F",2,"25"
"9283363","cha","zoo","2024","M",2,"15"
"9298426","cha","bot","2024","F",2,"135"
"9298428","cha","bot","2024","F",2,"155"
"9298435","cha","cef","2024","F",3,"155"
"9298436","cha","zoo","2024","M",2,"165"
"9298437","cha","zoo","2024","F",2,"165"
"9298479","cha","zoo","2024","M",3,"35"
"9298480","cha","zoo","2024","M",3,"55"
"9298481","cha","zoo","2024","F",3,"140"
"9298482","cha","zoo","2024","F",2,"115"
"9298483","cha","zoo","2024","M",2,"6"
"9298484","cha","zoo","2024","F",2,"2"
"9298485","cha","zoo","2024","F",3,"6"
"9298486","cha","zoo","2024","F",2,"30"
"9298487","cha","zoo","2024","M",2,"4"
"9298488","cha","zoo","2024","F",3,"23"
"9298489","cha","zoo","2024","F",2,"20"
"9298492","cha","zoo","2024","F",3,"5"
"9298493","cha","zoo","2024","F",2,"2"
"9298494","cha","zoo","2024","M",2,"25"
"9298495","cha","cef","2024","F",3,"10"
"9298496","cha","zoo","2024","M",3,"12"
"9298497","cha","zoo","2024","F",2,"30"
"9298498","cha","zoo","2024","F",2,"5"
"9298499","cha","zoo","2024","M",2,"25"
"9298500","cha","zoo","2024","M",3,"40"
"9298701","cha","gram","2023","F",3,"30"
"9298702","cha","gram","2023","M",3,"15"
"9298703","cha","gram","2023","F",3,"10"
"9298704","cha","gram","2023","F",3,"5"
"9298705","cha","gram","2023","M",4,"0"
"9298706","cha","font","2023","F",3,"5"
"9298707","cha","mas","2023","F",3,"5"
"9298708","cha","zoo","2023","M",3,"15"
"9298709","cha","zoo","2024","M",4,"4"
"9298710","cha","fac","2024","F",4,"5"
"9298711","cha","gram","2023","M",4,"5"
"9298712","cha","gram","2023","F",4,"2"
"9298713","cha","fac","2023","M",4,"15"
"9298714","cha","zoo","2023","M",4,"10"
"9298715","cha","zoo","2023","F",3,"25"
"9298716","cha","zoo","2024","M",4,"8"
"9298717","cha","zoo","2023","F",3,"0"
"9298724","cha","fac","2023","F",3,"5"
"9298725","cha","bot","2023","F",4,"0"
"9298726","cha","bot","2023","M",4,"20"
"9298727","cha","gram","2023","F",4,"5"
"9298728","cha","mos","2023","F",3,"25"
"9298729","cha","mos","2023","M",3,"0"
"9298730","cha","mas","2023","F",4,"2"
"9298738","cha","mos","2024","F",2,"5"
"9298739","cha","mos","2024","M",2,"5"
"9298740","cha","mas","2024","M",3,"5"
"9298741","cha","mas","2024","M",3,"5"
"9298742","cha","mas","2024","F",2,"5"
"9298743","cha","mos","2024","M",3,"10"
"9298744","cha","mos","2024","F",2,"10"
"9298745","cha","cef","2024","M",2,"25"
"9298746","cha","font","2024","F",3,"10"
"9298747","cha","font","2024","M",3,"2"
"9298758","cha","bot","2024","M",3,"5"
"9298759","cha","bot","2024","F",3,"7"
"9298760","cha","font","2024","M",3,"10"
"9298761","cha","font","2024","F",3,"5"
"9298762","cha","font","2024","M",3,"15"
"9298763","cha","font","2024","F",2,"13"
"9298764","cha","gram","2024","M",2,"25"
"9298765","cha","gram","2024","M",3,"5"
"9298766","cha","gram","2024","F",2,"30"
"9298767","cha","gram","2024","F",2,"30"
"9298770","cha","gram","2024","M",2,"1"
"9298771","cha","gram","2024","F",2,"10"
"9298772","cha","gram","2024","M",2,"10"
"9298774","cha","gram","2024","F",2,"10"
"9298775","cha","mas","2024","M",3,"3"
"9298776","cha","mos","2024","M",3,"23"
"9298781","cha","gram","2024","F",2,"5"
"9298782","cha","gram","2024","M",2,"3"
"9298785","cha","gram","2024","M",2,"2"
"9298786","cha","gram","2024","F",2,"10"
"9298793","cha","mas","2024","F",3,"12"
"9298794","cha","mas","2024","M",3,"1"
"9298795","cha","mas","2024","M",2,"10"
"9298796","cha","mas","2024","F",2,"15"
"9298797","cha","zoo","2024","F",2,"5"
"9298798","cha","mas","2024","F",2,"3"
"9298799","cha","font","2024","F",2,"5"
"9298800","cha","zoo","2023","F",4,"2"
"9485101","cha","zoo","2024","F",2,"15"
"9485102","cha","font","2024","M",3,"10"
"9485103","cha","font","2024","F",3,"6"
"9485104","cha","gram","2024","M",2,"10"
"9485105","cha","zoo","2024","F",3,"15"
"9485106","cha","zoo","2024","M",3,"15"
"9485401","cha","fac","2024","F",2,"3"
"9485402","cha","mas","2024","M",3,"2"
"9485403","cha","mas","2024","F",2,"10"
"9485404","cha","mas","2024","F",2,"18"
"9485405","cha","mas","2024","M",2,"10"
"9485408","cha","zoo","2024","F",3,"5"
"9485409","cha","font","2024","F",2,"20"
"9485411","cha","gram","2024","M",2,"8"
"9485412","cha","gram","2024","F",3,"10"
"9486008","cha","bot","2024","F",2,"20"
"9486009","cha","bot","2024","?",1,"40"
"9486010","cha","bot","2024","?",1,"20"
"9486011","cha","bot","2024","?",1,"25"
"9486012","cha","bot","2024","?",1,"25"
"9486014","cha","bot","2024","?",1,"45"
"9486022","cha","mos","2024","?",1,"15"
"9486023","cha","mos","2024","?",1,"40"
"9486025","cha","mos","2024","?",1,"15"
"9486026","cha","mos","2024","?",1,"20"
"9486027","cha","mos","2024","?",1,"2"
"9733570","cha","fac","2023","M",3,"5"
"9733601","cha","zoo","2022","M",4,"40"
"9733602","cha","zoo","2022","F",4,"12"
"9733603","cha","zoo","2022","M",4,"10"
"9733606","cha","fac","2022","F",4,"50"
"9733607","cha","fac","2022","M",4,"10"
"9733666","cha","zoo","2023","M",3,"30"
"9733674","cha","zoo","2023","M",3,"70"
"9733675","cha","zoo","2023","F",3,"30"
"9733677","cha","zoo","2023","M",3,"10"
"9733680","cha","zoo","2024","F",3,"4"
"9733681","cha","zoo","2023","M",4,"10"
"9733682","cha","zoo","2023","M",4,"8"
"9733683","cha","zoo","2023","M",4,"140"
"9733684","cha","zoo","2023","M",3,"30"
"9733685","cha","zoo","2023","F",3,"5"
"9733695","cha","zoo","2022","F",4,"20"
"9733696","cha","zoo","2022","M",4,"4"
"9733697","cha","zoo","2023","M",5,"20"
"9733698","cha","zoo","2022","M",5,"5"
"9733699","cha","zoo","2022","M",5,"30"
"9733700","cha","fac","2024","M",4,"175"
"9733711","cha","gram","2022","F",4,"80"
"9733712","cha","gram","2022","F",4,"70"
"9733713","cha","gram","2022","M",5,"70"
"9733714","cha","gram","2022","F",4,"35"
"9733715","cha","gram","2022","M",5,"70"
"9733716","cha","gram","2022","F",5,"75"
"9733717","cha","font","2022","M",4,"15"
"9733718","cha","font","2022","F",4,"10"
"9733719","cha","zoo","2022","F",5,"60"
"9733720","cha","gram","2022","F",4,"70"
"9733721","cha","zoo","2022","M",4,"15"
"9733722","cha","font","2023","F",3,"25"
"9733723","cha","mas","2023","M",4,"40"
"9733724","cha","mas","2023","F",4,"30"
"9733725","cha","font","2023","M",4,"10"
"9733726","cha","font","2023","M",4,"12"
"9733728","cha","mos","2023","F",4,"30"
"9733729","cha","gram","2023","F",3,"100"
"9733730","cha","gram","2023","M",4,"15"
"9733731","cha","gram","2023","F",4,"10"
"9733732","cha","gram","2023","F",3,"20"
"9733733","cha","gram","2023","M",4,"10"
"9733734","cha","font","2023","M",4,"15"
"9733735","cha","font","2023","F",4,"8"
"9733736","cha","fac","2023","M",3,"15"
"9733737","cha","gram","2024","M",3,"7"
"9733738","cha","fac","2023","F",3,"10"
"9733798","cha","font","2022","F",4,"70"
"9733799","cha","font","2022","F",4,"60"
"9733800","cha","font","2022","M",5,"40"
"V019058","cha","zoo","2023","M",3,"5"
"V019079","cha","zoo","2023","F",3,"130"
"V019134","cha","zoo","2023","F",3,"10"
"V019219","cha","gram","2024","F",2,"5"
"V019496","cha","zoo","2024","F",2,"4"
"V019821","cha","gram","2024","M",2,"15"
"V019823","cha","font","2024","F",2,"20"
"V021034","cha","zoo","2024","F",4,"15"
"V021047","cha","cef","2024","F",3,"25"
"V021083","cha","zoo","2023","M",3,"80"
"V021100","cha","zoo","2023","M",3,"7"
"V021129","cha","gram","2022","M",4,"5"
"V021185","cha","zoo","2023","M",4,"0"
"V021223","cha","gram","2022","M",4,"35"
"V021238","cha","mas","2022","M",4,"15"
"V021401","cha","font","2022","F",4,"15"
"V021408","cha","gram","2022","M",4,"75"
"V021541","cha","gram","2023","F",3,"100"
"V021562","cha","gram","2023","M",3,"5"
"V021565","cha","gram","2023","M",3,"40"
"V021802","cha","zoo","2022","F",4,"20"
"V021808","cha","zoo","2022","M",4,"10"
"V021844","cha","mas","2023","F",3,"50"
"V021853","cha","font","2024","M",3,"3"
"V021917","cha","zoo","2024","M",2,"3"
"V021934","cha","zoo","2024","M",2,"3"
"V034116","cha","mas","2024","M",2,"5"
"V034119","cha","font","2024","M",2,"25"
"V034124","cha","zoo","2024","M",2,"20"
"V034723","cha","zoo","2024","M",2,"15"
"V034744","cha","bot","2024","M",2,"165"
"V034781","cha","mas","2024","F",2,"3"
